{
  "PA000008": [
    [
      37.567499,
      126.978765
    ],
    [
      37.584818,
      127.00698
    ],
    [
      37.55126,
      126.925421
    ],
    [
      37.553828,
      126.982622
    ],
    [
      37.573572,
      126.965773
    ],
    [
      37.573207,
      126.994826
    ],
    [
      37.595276,
      126.951325
    ],
    [
      37.560868,
      126.946804
    ],
    [
      37.559025,
      126.939161
    ],
    [
      37.576315,
      126.982559
    ]
  ],
  "PA000009": [
    [
      37.598871,
      126.971331
    ],
    [
      37.586508,
      126.991663
    ],
    [
      37.536867,
      126.948541
    ],
    [
      37.574853,
      127.016662
    ],
    [
      37.5715,
      126.931437
    ],
    [
      37.538704,
      127.005755
    ],
    [
      37.60856,
      126.975425
    ],
    [
      37.588402,
      126.972876
    ],
    [
      37.565802,
      126.977704
    ],
    [
      37.594032,
      126.955258
    ]
  ]
}